code,parentcode,name-mr,name-en,count
PB,ROOT,Participatory Budget,Participatory Budget,1
RE20A302/C2-,PB,Roads-Revenue,Roads-Revenue,1
RE20C302/C1-,PB,Electrical-Revenue,Electrical-Revenue,1
RE22C302/C4-,PB,Building-Revenue,Building-Revenue,1
RE14B302/C5-,PB,SRA-Revenue,SRA-Revenue,1
XE12B302/C6-,PB,Water Supply-Revenue,Water Supply-Revenue,1
XE23A302/C7-,PB,Drainage-Revenue,Drainage-Revenue,1
CE20A1196/C2-,PB,Roads-Capital,Roads-Capital,1
CE20C406/C1-,PB,Electrical-Capital,Electrical-Capital,1
CE22A547/C4-,PB,Building-Capital,Building-Capital,1
FE14A121/C5-,PB,SRA-Capital,SRA-Capital,1
ZE16A117/C6-,PB,Water Supply-Capital,Water Supply-Capital,1
ZE16B130/C7-,PB,Drainage-Capital,Drainage-Capital,1
RE20C302/C1-151,RE20C302/C1-,,,1
RE20A302/C2-201,RE20A302/C2-,,,1
RE20C302/C1-152,RE20C302/C1-,,,1
RE14B302/C5-101,RE14B302/C5-,,,1
RE22C302/C4-101,RE22C302/C4-,,,1
XE23A302/C7-151,XE23A302/C7-,,,1
XE23A302/C7-152,XE23A302/C7-,,,1
XE23A302/C7-153,XE23A302/C7-,,,1
XE23A302/C7-154,XE23A302/C7-,,,1
RE14B302/C5-102,RE14B302/C5-,,,1
RE14B302/C5-103,RE14B302/C5-,,,1
XE23A302/C7-155,XE23A302/C7-,,,1
XE23A302/C7-156,XE23A302/C7-,,,1
XE23A302/C7-157,XE23A302/C7-,,,1
XE23A302/C7-158,XE23A302/C7-,,,1
XE23A302/C7-159,XE23A302/C7-,,,1
RE20A302/C2-202,RE20A302/C2-,,,1
XE12B302/C6-51,XE12B302/C6-,,,1
XE12B302/C6-52,XE12B302/C6-,,,1
RE20A302/C2-203,RE20A302/C2-,,,1
RE20A302/C2-204,RE20A302/C2-,,,1
XE12B302/C6-53,XE12B302/C6-,,,1
XE23A302/C7-160,XE23A302/C7-,,,1
RE20A302/C2-205,RE20A302/C2-,,,1
RE20A302/C2-206,RE20A302/C2-,,,1
RE20C302/C1-153,RE20C302/C1-,,,1
RE22C302/C4-102,RE22C302/C4-,,,1
RE22C302/C4-103,RE22C302/C4-,,,1
RE20A302/C2-207,RE20A302/C2-,,,1
RE20A302/C2-208,RE20A302/C2-,,,1
RE20A302/C2-209,RE20A302/C2-,,,1
RE22C302/C4-104,RE22C302/C4-,,,1
RE14B302/C5-104,RE14B302/C5-,,,1
RE20A302/C2-210,RE20A302/C2-,,,1
RE22C302/C4-105,RE22C302/C4-,,,1
RE20A302/C2-211,RE20A302/C2-,,,1
RE20A302/C2-212,RE20A302/C2-,,,1
RE20A302/C2-213,RE20A302/C2-,,,1
RE20A302/C2-214,RE20A302/C2-,,,1
RE20A302/C2-215,RE20A302/C2-,,,1
RE20A302/C2-216,RE20A302/C2-,,,1
RE22C302/C4-106,RE22C302/C4-,,,1
RE20C302/C1-154,RE20C302/C1-,,,1
RE20C302/C1-155,RE20C302/C1-,,,1
RE22C302/C4-107,RE22C302/C4-,,,1
RE22C302/C4-108,RE22C302/C4-,,,1
RE22C302/C4-109,RE22C302/C4-,,,1
RE14B302/C5-105,RE14B302/C5-,,,1
RE14B302/C5-106,RE14B302/C5-,,,1
XE12B302/C6-54,XE12B302/C6-,,,1
RE20C302/C1-156,RE20C302/C1-,,,1
RE22C302/C4-110,RE22C302/C4-,,,1
RE22C302/C4-111,RE22C302/C4-,,,1
RE22C302/C4-112,RE22C302/C4-,,,1
RE20A302/C2-217,RE20A302/C2-,,,1
RE20A302/C2-218,RE20A302/C2-,,,1
RE14B302/C5-107,RE14B302/C5-,,,1
XE23A302/C7-161,XE23A302/C7-,,,1
RE22C302/C4-113,RE22C302/C4-,,,1
RE14B302/C5-108,RE14B302/C5-,,,1
RE14B302/C5-109,RE14B302/C5-,,,1
XE23A302/C7-162,XE23A302/C7-,,,1
RE20A302/C2-219,RE20A302/C2-,,,1
RE20A302/C2-220,RE20A302/C2-,,,1
RE14B302/C5-110,RE14B302/C5-,,,1
RE22C302/C4-114,RE22C302/C4-,,,1
RE20C302/C1-157,RE20C302/C1-,,,1
RE20C302/C1-158,RE20C302/C1-,,,1
RE20C302/C1-159,RE20C302/C1-,,,1
RE22C302/C4-115,RE22C302/C4-,,,1
RE22C302/C4-116,RE22C302/C4-,,,1
RE20A302/C2-221,RE20A302/C2-,,,1
XE23A302/C7-163,XE23A302/C7-,,,1
XE23A302/C7-164,XE23A302/C7-,,,1
XE23A302/C7-165,XE23A302/C7-,,,1
XE23A302/C7-166,XE23A302/C7-,,,1
XE23A302/C7-167,XE23A302/C7-,,,1
RE22C302/C4-117,RE22C302/C4-,,,1
RE22C302/C4-118,RE22C302/C4-,,,1
RE22C302/C4-119,RE22C302/C4-,,,1
RE22C302/C4-120,RE22C302/C4-,,,1
RE20C302/C1-160,RE20C302/C1-,,,1
RE20A302/C2-222,RE20A302/C2-,,,1
RE20A302/C2-223,RE20A302/C2-,,,1
RE20A302/C2-224,RE20A302/C2-,,,1
RE20A302/C2-225,RE20A302/C2-,,,1
XE23A302/C7-168,XE23A302/C7-,,,1
RE20A302/C2-226,RE20A302/C2-,,,1
XE23A302/C7-169,XE23A302/C7-,,,1
XE23A302/C7-170,XE23A302/C7-,,,1
RE20A302/C2-227,RE20A302/C2-,,,1
XE23A302/C7-171,XE23A302/C7-,,,1
XE23A302/C7-172,XE23A302/C7-,,,1
RE20A302/C2-228,RE20A302/C2-,,,1
RE20A302/C2-229,RE20A302/C2-,,,1
XE23A302/C7-173,XE23A302/C7-,,,1
RE14B302/C5-111,RE14B302/C5-,,,1
RE22C302/C4-121,RE22C302/C4-,,,1
RE22C302/C4-122,RE22C302/C4-,,,1
RE20A302/C2-230,RE20A302/C2-,,,1
RE20C302/C1-161,RE20C302/C1-,,,1
RE20A302/C2-231,RE20A302/C2-,,,1
RE20A302/C2-232,RE20A302/C2-,,,1
XE23A302/C7-174,XE23A302/C7-,,,1
RE22C302/C4-123,RE22C302/C4-,,,1
XE23A302/C7-175,XE23A302/C7-,,,1
RE20A302/C2-233,RE20A302/C2-,,,1
XE23A302/C7-176,XE23A302/C7-,,,1
RE14B302/C5-112,RE14B302/C5-,,,1
RE20A302/C2-234,RE20A302/C2-,,,1
XE23A302/C7-177,XE23A302/C7-,,,1
RE20C302/C1-162,RE20C302/C1-,,,1
RE14B302/C5-113,RE14B302/C5-,,,1
RE20A302/C2-235,RE20A302/C2-,,,1
RE20A302/C2-236,RE20A302/C2-,,,1
RE14B302/C5-114,RE14B302/C5-,,,1
XE23A302/C7-178,XE23A302/C7-,,,1
RE20C302/C1-163,RE20C302/C1-,,,1
RE20A302/C2-237,RE20A302/C2-,,,1
XE23A302/C7-179,XE23A302/C7-,,,1
RE14B302/C5-115,RE14B302/C5-,,,1
RE14B302/C5-116,RE14B302/C5-,,,1
RE20A302/C2-238,RE20A302/C2-,,,1
RE20A302/C2-239,RE20A302/C2-,,,1
RE22C302/C4-124,RE22C302/C4-,,,1
XE23A302/C7-180,XE23A302/C7-,,,1
XE23A302/C7-181,XE23A302/C7-,,,1
RE14B302/C5-117,RE14B302/C5-,,,1
RE14B302/C5-118,RE14B302/C5-,,,1
XE23A302/C7-182,XE23A302/C7-,,,1
XE23A302/C7-183,XE23A302/C7-,,,1
RE20C302/C1-164,RE20C302/C1-,,,1
XE23A302/C7-184,XE23A302/C7-,,,1
XE23A302/C7-185,XE23A302/C7-,,,1
XE23A302/C7-186,XE23A302/C7-,,,1
XE23A302/C7-187,XE23A302/C7-,,,1
XE23A302/C7-188,XE23A302/C7-,,,1
RE14B302/C5-119,RE14B302/C5-,,,1
XE23A302/C7-189,XE23A302/C7-,,,1
XE23A302/C7-190,XE23A302/C7-,,,1
XE23A302/C7-191,XE23A302/C7-,,,1
RE14B302/C5-120,RE14B302/C5-,,,1
RE22C302/C4-125,RE22C302/C4-,,,1
XE23A302/C7-192,XE23A302/C7-,,,1
RE20C302/C1-165,RE20C302/C1-,,,1
RE20A302/C2-240,RE20A302/C2-,,,1
XE23A302/C7-193,XE23A302/C7-,,,1
RE22C302/C4-126,RE22C302/C4-,,,1
RE22C302/C4-127,RE22C302/C4-,,,1
RE22C302/C4-128,RE22C302/C4-,,,1
RE20A302/C2-241,RE20A302/C2-,,,1
XE23A302/C7-194,XE23A302/C7-,,,1
RE20A302/C2-242,RE20A302/C2-,,,1
RE20A302/C2-243,RE20A302/C2-,,,1
XE23A302/C7-195,XE23A302/C7-,,,1
RE20A302/C2-244,RE20A302/C2-,,,1
RE20C302/C1-166,RE20C302/C1-,,,1
RE20C302/C1-167,RE20C302/C1-,,,1
RE20A302/C2-245,RE20A302/C2-,,,1
RE20A302/C2-246,RE20A302/C2-,,,1
RE20A302/C2-247,RE20A302/C2-,,,1
RE20C302/C1-168,RE20C302/C1-,,,1
RE20A302/C2-248,RE20A302/C2-,,,1
RE20C302/C1-169,RE20C302/C1-,,,1
RE22C302/C4-129,RE22C302/C4-,,,1
RE20A302/C2-249,RE20A302/C2-,,,1
RE20C302/C1-170,RE20C302/C1-,,,1
RE20A302/C2-250,RE20A302/C2-,,,1
RE20A302/C2-251,RE20A302/C2-,,,1
RE20A302/C2-252,RE20A302/C2-,,,1
RE20A302/C2-253,RE20A302/C2-,,,1
RE20A302/C2-254,RE20A302/C2-,,,1
RE14B302/C5-121,RE14B302/C5-,,,1
XE23A302/C7-196,XE23A302/C7-,,,1
XE23A302/C7-197,XE23A302/C7-,,,1
RE20A302/C2-255,RE20A302/C2-,,,1
RE20A302/C2-256,RE20A302/C2-,,,1
RE20A302/C2-257,RE20A302/C2-,,,1
RE20A302/C2-258,RE20A302/C2-,,,1
RE20C302/C1-171,RE20C302/C1-,,,1
RE20C302/C1-172,RE20C302/C1-,,,1
RE20A302/C2-259,RE20A302/C2-,,,1
RE20A302/C2-260,RE20A302/C2-,,,1
XE23A302/C7-198,XE23A302/C7-,,,1
RE20A302/C2-261,RE20A302/C2-,,,1
RE20A302/C2-262,RE20A302/C2-,,,1
RE14B302/C5-122,RE14B302/C5-,,,1
RE14B302/C5-123,RE14B302/C5-,,,1
RE22C302/C4-130,RE22C302/C4-,,,1
XE23A302/C7-199,XE23A302/C7-,,,1
RE20A302/C2-263,RE20A302/C2-,,,1
RE20C302/C1-173,RE20C302/C1-,,,1
XE23A302/C7-200,XE23A302/C7-,,,1
RE22C302/C4-131,RE22C302/C4-,,,1
XE23A302/C7-201,XE23A302/C7-,,,1
XE23A302/C7-202,XE23A302/C7-,,,1
RE20C302/C1-174,RE20C302/C1-,,,1
RE22C302/C4-132,RE22C302/C4-,,,1
RE20A302/C2-264,RE20A302/C2-,,,1
RE20A302/C2-265,RE20A302/C2-,,,1
RE14B302/C5-124,RE14B302/C5-,,,1
XE23A302/C7-203,XE23A302/C7-,,,1
RE14B302/C5-125,RE14B302/C5-,,,1
RE20C302/C1-175,RE20C302/C1-,,,1
RE22C302/C4-133,RE22C302/C4-,,,1
RE22C302/C4-134,RE22C302/C4-,,,1
RE14B302/C5-126,RE14B302/C5-,,,1
RE14B302/C5-127,RE14B302/C5-,,,1
RE14B302/C5-128,RE14B302/C5-,,,1
RE14B302/C5-129,RE14B302/C5-,,,1
RE22C302/C4-135,RE22C302/C4-,,,1
RE20C302/C1-176,RE20C302/C1-,,,1
RE14B302/C5-130,RE14B302/C5-,,,1
RE14B302/C5-131,RE14B302/C5-,,,1
RE22C302/C4-136,RE22C302/C4-,,,1
RE20A302/C2-266,RE20A302/C2-,,,1
RE22C302/C4-137,RE22C302/C4-,,,1
XE12B302/C6-55,XE12B302/C6-,,,1
RE20A302/C2-267,RE20A302/C2-,,,1
XE23A302/C7-204,XE23A302/C7-,,,1
XE23A302/C7-205,XE23A302/C7-,,,1
XE12B302/C6-56,XE12B302/C6-,,,1
RE14B302/C5-132,RE14B302/C5-,,,1
RE20A302/C2-268,RE20A302/C2-,,,1
RE22C302/C4-138,RE22C302/C4-,,,1
RE22C302/C4-139,RE22C302/C4-,,,1
RE14B302/C5-133,RE14B302/C5-,,,1
XE23A302/C7-206,XE23A302/C7-,,,1
RE22C302/C4-140,RE22C302/C4-,,,1
RE20A302/C2-269,RE20A302/C2-,,,1
XE23A302/C7-207,XE23A302/C7-,,,1
RE20A302/C2-270,RE20A302/C2-,,,1
RE14B302/C5-134,RE14B302/C5-,,,1
RE20C302/C1-177,RE20C302/C1-,,,1
RE20C302/C1-178,RE20C302/C1-,,,1
RE20A302/C2-271,RE20A302/C2-,,,1
RE22C302/C4-141,RE22C302/C4-,,,1
RE20A302/C2-272,RE20A302/C2-,,,1
RE20A302/C2-273,RE20A302/C2-,,,1
RE20A302/C2-274,RE20A302/C2-,,,1
RE14B302/C5-135,RE14B302/C5-,,,1
RE22C302/C4-142,RE22C302/C4-,,,1
RE22C302/C4-143,RE22C302/C4-,,,1
XE23A302/C7-208,XE23A302/C7-,,,1
RE22C302/C4-144,RE22C302/C4-,,,1
XE23A302/C7-209,XE23A302/C7-,,,1
XE23A302/C7-210,XE23A302/C7-,,,1
RE20A302/C2-275,RE20A302/C2-,,,1
RE20A302/C2-276,RE20A302/C2-,,,1
RE20A302/C2-277,RE20A302/C2-,,,1
RE20C302/C1-179,RE20C302/C1-,,,1
RE20A302/C2-278,RE20A302/C2-,,,1
RE14B302/C5-136,RE14B302/C5-,,,1
RE20A302/C2-279,RE20A302/C2-,,,1
RE20A302/C2-280,RE20A302/C2-,,,1
XE23A302/C7-211,XE23A302/C7-,,,1
RE22C302/C4-145,RE22C302/C4-,,,1
XE12B302/C6-57,XE12B302/C6-,,,1
XE12B302/C6-58,XE12B302/C6-,,,1
RE22C302/C4-146,RE22C302/C4-,,,1
XE23A302/C7-212,XE23A302/C7-,,,1
RE20C302/C1-180,RE20C302/C1-,,,1
XE23A302/C7-213,XE23A302/C7-,,,1
RE20A302/C2-281,RE20A302/C2-,,,1
RE20A302/C2-282,RE20A302/C2-,,,1
RE14B302/C5-137,RE14B302/C5-,,,1
RE20C302/C1-181,RE20C302/C1-,,,1
XE23A302/C7-214,XE23A302/C7-,,,1
RE20A302/C2-283,RE20A302/C2-,,,1
XE23A302/C7-215,XE23A302/C7-,,,1
RE22C302/C4-147,RE22C302/C4-,,,1
XE23A302/C7-216,XE23A302/C7-,,,1
RE20A302/C2-284,RE20A302/C2-,,,1
XE12B302/C6-59,XE12B302/C6-,,,1
RE20A302/C2-285,RE20A302/C2-,,,1
XE23A302/C7-217,XE23A302/C7-,,,1
RE20A302/C2-286,RE20A302/C2-,,,1
RE20C302/C1-182,RE20C302/C1-,,,1
XE23A302/C7-218,XE23A302/C7-,,,1
RE20A302/C2-287,RE20A302/C2-,,,1
XE12B302/C6-60,XE12B302/C6-,,,1
RE20A302/C2-288,RE20A302/C2-,,,1
RE22C302/C4-148,RE22C302/C4-,,,1
XE23A302/C7-219,XE23A302/C7-,,,1
RE20A302/C2-289,RE20A302/C2-,,,1
RE22C302/C4-149,RE22C302/C4-,,,1
RE20A302/C2-290,RE20A302/C2-,,,1
RE20A302/C2-291,RE20A302/C2-,,,1
RE22C302/C4-150,RE22C302/C4-,,,1
XE23A302/C7-220,XE23A302/C7-,,,1
RE20A302/C2-292,RE20A302/C2-,,,1
RE20A302/C2-293,RE20A302/C2-,,,1
RE20C302/C1-183,RE20C302/C1-,,,1
XE23A302/C7-221,XE23A302/C7-,,,1
RE20A302/C2-294,RE20A302/C2-,,,1
RE20A302/C2-295,RE20A302/C2-,,,1
XE23A302/C7-222,XE23A302/C7-,,,1
RE22C302/C4-151,RE22C302/C4-,,,1
RE22C302/C4-152,RE22C302/C4-,,,1
RE20A302/C2-296,RE20A302/C2-,,,1
XE23A302/C7-223,XE23A302/C7-,,,1
XE23A302/C7-224,XE23A302/C7-,,,1
RE20A302/C2-297,RE20A302/C2-,,,1
XE23A302/C7-225,XE23A302/C7-,,,1
RE20A302/C2-298,RE20A302/C2-,,,1
RE20A302/C2-299,RE20A302/C2-,,,1
XE23A302/C7-226,XE23A302/C7-,,,1
RE14B302/C5-138,RE14B302/C5-,,,1
RE22C302/C4-153,RE22C302/C4-,,,1
RE20A302/C2-300,RE20A302/C2-,,,1
XE23A302/C7-227,XE23A302/C7-,,,1
RE20A302/C2-301,RE20A302/C2-,,,1
XE23A302/C7-228,XE23A302/C7-,,,1
RE20A302/C2-302,RE20A302/C2-,,,1
RE14B302/C5-139,RE14B302/C5-,,,1
XE23A302/C7-229,XE23A302/C7-,,,1
RE22C302/C4-154,RE22C302/C4-,,,1
RE20A302/C2-303,RE20A302/C2-,,,1
RE20A302/C2-304,RE20A302/C2-,,,1
XE23A302/C7-230,XE23A302/C7-,,,1
RE20A302/C2-305,RE20A302/C2-,,,1
XE23A302/C7-231,XE23A302/C7-,,,1
RE20A302/C2-306,RE20A302/C2-,,,1
RE14B302/C5-140,RE14B302/C5-,,,1
XE23A302/C7-232,XE23A302/C7-,,,1
RE20C302/C1-184,RE20C302/C1-,,,1
RE20A302/C2-307,RE20A302/C2-,,,1
RE20A302/C2-308,RE20A302/C2-,,,1
RE20A302/C2-309,RE20A302/C2-,,,1
RE20A302/C2-310,RE20A302/C2-,,,1
RE20A302/C2-311,RE20A302/C2-,,,1
RE20C302/C1-185,RE20C302/C1-,,,1
RE20C302/C1-186,RE20C302/C1-,,,1
RE22C302/C4-155,RE22C302/C4-,,,1
XE12B302/C6-61,XE12B302/C6-,,,1
XE23A302/C7-233,XE23A302/C7-,,,1
XE23A302/C7-234,XE23A302/C7-,,,1
RE14B302/C5-141,RE14B302/C5-,,,1
RE20C302/C1-187,RE20C302/C1-,,,1
RE22C302/C4-156,RE22C302/C4-,,,1
RE14B302/C5-142,RE14B302/C5-,,,1
RE14B302/C5-143,RE14B302/C5-,,,1
RE14B302/C5-144,RE14B302/C5-,,,1
RE14B302/C5-145,RE14B302/C5-,,,1
XE23A302/C7-235,XE23A302/C7-,,,1
XE23A302/C7-236,XE23A302/C7-,,,1
XE23A302/C7-237,XE23A302/C7-,,,1
XE23A302/C7-238,XE23A302/C7-,,,1
XE23A302/C7-239,XE23A302/C7-,,,1
XE23A302/C7-240,XE23A302/C7-,,,1
RE20A302/C2-312,RE20A302/C2-,,,1
RE20A302/C2-313,RE20A302/C2-,,,1
RE20A302/C2-314,RE20A302/C2-,,,1
RE20C302/C1-188,RE20C302/C1-,,,1
RE22C302/C4-157,RE22C302/C4-,,,1
RE22C302/C4-158,RE22C302/C4-,,,1
RE14B302/C5-146,RE14B302/C5-,,,1
XE23A302/C7-241,XE23A302/C7-,,,1
XE23A302/C7-242,XE23A302/C7-,,,1
XE23A302/C7-243,XE23A302/C7-,,,1
XE23A302/C7-244,XE23A302/C7-,,,1
XE12B302/C6-62,XE12B302/C6-,,,1
RE20A302/C2-315,RE20A302/C2-,,,1
RE20A302/C2-316,RE20A302/C2-,,,1
RE20C302/C1-189,RE20C302/C1-,,,1
RE20C302/C1-190,RE20C302/C1-,,,1
RE20C302/C1-191,RE20C302/C1-,,,1
RE22C302/C4-159,RE22C302/C4-,,,1
RE14B302/C5-147,RE14B302/C5-,,,1
RE14B302/C5-148,RE14B302/C5-,,,1
XE23A302/C7-245,XE23A302/C7-,,,1
XE23A302/C7-246,XE23A302/C7-,,,1
XE23A302/C7-247,XE23A302/C7-,,,1
XE23A302/C7-248,XE23A302/C7-,,,1
XE12B302/C6-63,XE12B302/C6-,,,1
RE20A302/C2-317,RE20A302/C2-,,,1
RE20A302/C2-318,RE20A302/C2-,,,1
RE20A302/C2-319,RE20A302/C2-,,,1
RE20C302/C1-192,RE20C302/C1-,,,1
RE22C302/C4-160,RE22C302/C4-,,,1
RE14B302/C5-149,RE14B302/C5-,,,1
RE14B302/C5-150,RE14B302/C5-,,,1
XE23A302/C7-249,XE23A302/C7-,,,1
XE23A302/C7-250,XE23A302/C7-,,,1
XE23A302/C7-251,XE23A302/C7-,,,1
XE23A302/C7-252,XE23A302/C7-,,,1
RE20C302/C1-193,RE20C302/C1-,,,1
RE20C302/C1-194,RE20C302/C1-,,,1
RE14B302/C5-151,RE14B302/C5-,,,1
RE14B302/C5-152,RE14B302/C5-,,,1
RE14B302/C5-153,RE14B302/C5-,,,1
RE14B302/C5-154,RE14B302/C5-,,,1
RE14B302/C5-155,RE14B302/C5-,,,1
RE14B302/C5-156,RE14B302/C5-,,,1
RE14B302/C5-157,RE14B302/C5-,,,1
RE14B302/C5-158,RE14B302/C5-,,,1
RE14B302/C5-159,RE14B302/C5-,,,1
RE14B302/C5-160,RE14B302/C5-,,,1
RE20C302/C1-195,RE20C302/C1-,,,1
XE12B302/C6-64,XE12B302/C6-,,,1
XE23A302/C7-253,XE23A302/C7-,,,1
XE23A302/C7-254,XE23A302/C7-,,,1
XE23A302/C7-255,XE23A302/C7-,,,1
RE20A302/C2-320,RE20A302/C2-,,,1
RE22C302/C4-161,RE22C302/C4-,,,1
RE22C302/C4-162,RE22C302/C4-,,,1
RE20C302/C1-196,RE20C302/C1-,,,1
RE20C302/C1-197,RE20C302/C1-,,,1
RE20A302/C2-321,RE20A302/C2-,,,1
RE22C302/C4-163,RE22C302/C4-,,,1
RE22C302/C4-164,RE22C302/C4-,,,1
RE14B302/C5-161,RE14B302/C5-,,,1
RE22C302/C4-165,RE22C302/C4-,,,1
RE20A302/C2-322,RE20A302/C2-,,,1
RE22C302/C4-166,RE22C302/C4-,,,1
RE22C302/C4-167,RE22C302/C4-,,,1
RE22C302/C4-168,RE22C302/C4-,,,1
RE20A302/C2-323,RE20A302/C2-,,,1
RE20C302/C1-198,RE20C302/C1-,,,1
XE23A302/C7-256,XE23A302/C7-,,,1
RE20A302/C2-324,RE20A302/C2-,,,1
RE20A302/C2-325,RE20A302/C2-,,,1
RE22C302/C4-169,RE22C302/C4-,,,1
RE20A302/C2-326,RE20A302/C2-,,,1
RE20C302/C1-199,RE20C302/C1-,,,1
XE12B302/C6-65,XE12B302/C6-,,,1
RE22C302/C4-170,RE22C302/C4-,,,1
RE20A302/C2-327,RE20A302/C2-,,,1
XE23A302/C7-257,XE23A302/C7-,,,1
RE20A302/C2-328,RE20A302/C2-,,,1
XE12B302/C6-66,XE12B302/C6-,,,1
XE12B302/C6-67,XE12B302/C6-,,,1
RE20A302/C2-329,RE20A302/C2-,,,1
RE14B302/C5-162,RE14B302/C5-,,,1
RE20A302/C2-330,RE20A302/C2-,,,1
RE22C302/C4-171,RE22C302/C4-,,,1
RE20A302/C2-331,RE20A302/C2-,,,1
RE20A302/C2-332,RE20A302/C2-,,,1
XE23A302/C7-258,XE23A302/C7-,,,1
RE20A302/C2-333,RE20A302/C2-,,,1
RE20A302/C2-334,RE20A302/C2-,,,1
RE20A302/C2-335,RE20A302/C2-,,,1
XE23A302/C7-259,XE23A302/C7-,,,1
RE20A302/C2-336,RE20A302/C2-,,,1
RE22C302/C4-172,RE22C302/C4-,,,1
RE20A302/C2-337,RE20A302/C2-,,,1
RE20A302/C2-338,RE20A302/C2-,,,1
XE23A302/C7-260,XE23A302/C7-,,,1
RE20A302/C2-339,RE20A302/C2-,,,1
XE23A302/C7-261,XE23A302/C7-,,,1
RE20A302/C2-340,RE20A302/C2-,,,1
XE23A302/C7-262,XE23A302/C7-,,,1
XE23A302/C7-263,XE23A302/C7-,,,1
XE23A302/C7-264,XE23A302/C7-,,,1
RE22C302/C4-173,RE22C302/C4-,,,1
XE23A302/C7-265,XE23A302/C7-,,,1
RE20A302/C2-341,RE20A302/C2-,,,1
RE20C302/C1-200,RE20C302/C1-,,,1
RE20A302/C2-342,RE20A302/C2-,,,1
XE23A302/C7-266,XE23A302/C7-,,,1
RE20A302/C2-343,RE20A302/C2-,,,1
RE22C302/C4-174,RE22C302/C4-,,,1
XE23A302/C7-267,XE23A302/C7-,,,1
XE23A302/C7-268,XE23A302/C7-,,,1
RE20A302/C2-344,RE20A302/C2-,,,1
RE20A302/C2-345,RE20A302/C2-,,,1
RE20A302/C2-346,RE20A302/C2-,,,1
RE20A302/C2-347,RE20A302/C2-,,,1
XE23A302/C7-269,XE23A302/C7-,,,1
RE20A302/C2-348,RE20A302/C2-,,,1
RE20C302/C1-201,RE20C302/C1-,,,1
RE20C302/C1-202,RE20C302/C1-,,,1
RE20A302/C2-349,RE20A302/C2-,,,1
RE20A302/C2-350,RE20A302/C2-,,,1
XE12B302/C6-68,XE12B302/C6-,,,1
RE22C302/C4-175,RE22C302/C4-,,,1
XE23A302/C7-270,XE23A302/C7-,,,1
XE23A302/C7-271,XE23A302/C7-,,,1
RE14B302/C5-163,RE14B302/C5-,,,1
RE14B302/C5-164,RE14B302/C5-,,,1
RE14B302/C5-165,RE14B302/C5-,,,1
XE23A302/C7-272,XE23A302/C7-,,,1
RE20C302/C1-203,RE20C302/C1-,,,1
RE20C302/C1-204,RE20C302/C1-,,,1
RE20C302/C1-205,RE20C302/C1-,,,1
RE20C302/C1-206,RE20C302/C1-,,,1
RE20A302/C2-351,RE20A302/C2-,,,1
RE20A302/C2-352,RE20A302/C2-,,,1
RE20A302/C2-353,RE20A302/C2-,,,1
RE20A302/C2-354,RE20A302/C2-,,,1
RE20A302/C2-355,RE20A302/C2-,,,1
XE23A302/C7-273,XE23A302/C7-,,,1
XE23A302/C7-274,XE23A302/C7-,,,1
RE14B302/C5-166,RE14B302/C5-,,,1
RE22C302/C4-176,RE22C302/C4-,,,1
RE20C302/C1-207,RE20C302/C1-,,,1
RE20C302/C1-208,RE20C302/C1-,,,1
RE20A302/C2-356,RE20A302/C2-,,,1
RE20A302/C2-357,RE20A302/C2-,,,1
RE20A302/C2-358,RE20A302/C2-,,,1
RE20A302/C2-359,RE20A302/C2-,,,1
RE20A302/C2-360,RE20A302/C2-,,,1
RE20A302/C2-361,RE20A302/C2-,,,1
RE20A302/C2-362,RE20A302/C2-,,,1
RE20C302/C1-209,RE20C302/C1-,,,1
RE20C302/C1-210,RE20C302/C1-,,,1
RE20C302/C1-211,RE20C302/C1-,,,1
RE22C302/C4-177,RE22C302/C4-,,,1
RE22C302/C4-178,RE22C302/C4-,,,1
RE22C302/C4-179,RE22C302/C4-,,,1
RE20A302/C2-363,RE20A302/C2-,,,1
RE20A302/C2-364,RE20A302/C2-,,,1
RE20A302/C2-365,RE20A302/C2-,,,1
RE20A302/C2-366,RE20A302/C2-,,,1
RE20A302/C2-367,RE20A302/C2-,,,1
RE20A302/C2-368,RE20A302/C2-,,,1
RE20C302/C1-212,RE20C302/C1-,,,1
XE12B302/C6-69,XE12B302/C6-,,,1
XE12B302/C6-70,XE12B302/C6-,,,1
XE23A302/C7-275,XE23A302/C7-,,,1
XE23A302/C7-276,XE23A302/C7-,,,1
RE14B302/C5-167,RE14B302/C5-,,,1
RE14B302/C5-168,RE14B302/C5-,,,1
RE14B302/C5-169,RE14B302/C5-,,,1
RE14B302/C5-170,RE14B302/C5-,,,1
RE14B302/C5-171,RE14B302/C5-,,,1
RE20C302/C1-213,RE20C302/C1-,,,1
RE14B302/C5-172,RE14B302/C5-,,,1
XE23A302/C7-277,XE23A302/C7-,,,1
XE23A302/C7-278,XE23A302/C7-,,,1
XE23A302/C7-279,XE23A302/C7-,,,1
XE23A302/C7-280,XE23A302/C7-,,,1
XE23A302/C7-281,XE23A302/C7-,,,1
RE20A302/C2-369,RE20A302/C2-,,,1
RE20A302/C2-370,RE20A302/C2-,,,1
RE20A302/C2-371,RE20A302/C2-,,,1
RE20A302/C2-372,RE20A302/C2-,,,1
RE20A302/C2-373,RE20A302/C2-,,,1
RE20A302/C2-374,RE20A302/C2-,,,1
RE20A302/C2-375,RE20A302/C2-,,,1
RE20A302/C2-376,RE20A302/C2-,,,1
RE20A302/C2-377,RE20A302/C2-,,,1
RE20A302/C2-378,RE20A302/C2-,,,1
RE22C302/C4-180,RE22C302/C4-,,,1
RE14B302/C5-173,RE14B302/C5-,,,1
RE14B302/C5-174,RE14B302/C5-,,,1
XE23A302/C7-282,XE23A302/C7-,,,1
XE23A302/C7-283,XE23A302/C7-,,,1
XE23A302/C7-284,XE23A302/C7-,,,1
XE23A302/C7-285,XE23A302/C7-,,,1
XE23A302/C7-286,XE23A302/C7-,,,1
RE20A302/C2-379,RE20A302/C2-,,,1
RE20A302/C2-380,RE20A302/C2-,,,1
RE20A302/C2-381,RE20A302/C2-,,,1
RE20A302/C2-382,RE20A302/C2-,,,1
RE20A302/C2-383,RE20A302/C2-,,,1
RE20A302/C2-384,RE20A302/C2-,,,1
RE20A302/C2-385,RE20A302/C2-,,,1
RE20A302/C2-386,RE20A302/C2-,,,1
RE22C302/C4-181,RE22C302/C4-,,,1
XE23A302/C7-287,XE23A302/C7-,,,1
XE23A302/C7-288,XE23A302/C7-,,,1
XE23A302/C7-289,XE23A302/C7-,,,1
XE23A302/C7-290,XE23A302/C7-,,,1
XE23A302/C7-291,XE23A302/C7-,,,1
XE23A302/C7-292,XE23A302/C7-,,,1
RE20A302/C2-387,RE20A302/C2-,,,1
RE20A302/C2-388,RE20A302/C2-,,,1
RE20A302/C2-389,RE20A302/C2-,,,1
RE20A302/C2-390,RE20A302/C2-,,,1
RE20A302/C2-391,RE20A302/C2-,,,1
RE20A302/C2-392,RE20A302/C2-,,,1
RE14B302/C5-175,RE14B302/C5-,,,1
RE14B302/C5-176,RE14B302/C5-,,,1
RE14B302/C5-177,RE14B302/C5-,,,1
RE14B302/C5-178,RE14B302/C5-,,,1
RE22C302/C4-182,RE22C302/C4-,,,1
XE23A302/C7-293,XE23A302/C7-,,,1
RE20A302/C2-393,RE20A302/C2-,,,1
RE20A302/C2-394,RE20A302/C2-,,,1
RE20A302/C2-395,RE20A302/C2-,,,1
RE22C302/C4-183,RE22C302/C4-,,,1
XE23A302/C7-294,XE23A302/C7-,,,1
RE20C302/C1-214,RE20C302/C1-,,,1
RE20C302/C1-215,RE20C302/C1-,,,1
RE20C302/C1-216,RE20C302/C1-,,,1
RE20A302/C2-396,RE20A302/C2-,,,1
RE20C302/C1-217,RE20C302/C1-,,,1
RE20C302/C1-218,RE20C302/C1-,,,1
RE20A302/C2-397,RE20A302/C2-,,,1
RE20A302/C2-398,RE20A302/C2-,,,1
RE20A302/C2-399,RE20A302/C2-,,,1
RE20A302/C2-400,RE20A302/C2-,,,1
RE20A302/C2-401,RE20A302/C2-,,,1
RE20C302/C1-219,RE20C302/C1-,,,1
RE14B302/C5-179,RE14B302/C5-,,,1
RE14B302/C5-180,RE14B302/C5-,,,1
RE20A302/C2-402,RE20A302/C2-,,,1
RE20A302/C2-403,RE20A302/C2-,,,1
RE20A302/C2-404,RE20A302/C2-,,,1
RE20C302/C1-220,RE20C302/C1-,,,1
RE20C302/C1-221,RE20C302/C1-,,,1
RE22C302/C4-184,RE22C302/C4-,,,1
RE22C302/C4-185,RE22C302/C4-,,,1
XE23A302/C7-295,XE23A302/C7-,,,1
XE23A302/C7-296,XE23A302/C7-,,,1
XE23A302/C7-297,XE23A302/C7-,,,1
XE23A302/C7-298,XE23A302/C7-,,,1
XE23A302/C7-299,XE23A302/C7-,,,1
XE23A302/C7-300,XE23A302/C7-,,,1
RE20A302/C2-405,RE20A302/C2-,,,1
RE20A302/C2-406,RE20A302/C2-,,,1
RE20A302/C2-407,RE20A302/C2-,,,1
RE20A302/C2-408,RE20A302/C2-,,,1
RE20C302/C1-222,RE20C302/C1-,,,1
RE20C302/C1-223,RE20C302/C1-,,,1
XE23A302/C7-301,XE23A302/C7-,,,1
RE20A302/C2-409,RE20A302/C2-,,,1
RE20A302/C2-410,RE20A302/C2-,,,1
RE20A302/C2-411,RE20A302/C2-,,,1
RE20A302/C2-412,RE20A302/C2-,,,1
RE20A302/C2-413,RE20A302/C2-,,,1
RE20A302/C2-414,RE20A302/C2-,,,1
RE20C302/C1-224,RE20C302/C1-,,,1
RE20C302/C1-225,RE20C302/C1-,,,1
RE20C302/C1-226,RE20C302/C1-,,,1
RE20C302/C1-227,RE20C302/C1-,,,1
RE20A302/C2-415,RE20A302/C2-,,,1
RE20A302/C2-416,RE20A302/C2-,,,1
RE20A302/C2-417,RE20A302/C2-,,,1
RE20A302/C2-418,RE20A302/C2-,,,1
RE20A302/C2-419,RE20A302/C2-,,,1
RE20A302/C2-420,RE20A302/C2-,,,1
RE20C302/C1-228,RE20C302/C1-,,,1
RE22C302/C4-186,RE22C302/C4-,,,1
XE12B302/C6-71,XE12B302/C6-,,,1
XE23A302/C7-302,XE23A302/C7-,,,1
XE23A302/C7-303,XE23A302/C7-,,,1
XE12B302/C6-72,XE12B302/C6-,,,1
RE20A302/C2-421,RE20A302/C2-,,,1
RE20A302/C2-422,RE20A302/C2-,,,1
RE20C302/C1-229,RE20C302/C1-,,,1
XE23A302/C7-304,XE23A302/C7-,,,1
RE20C302/C1-230,RE20C302/C1-,,,1
RE20A302/C2-423,RE20A302/C2-,,,1
RE20A302/C2-424,RE20A302/C2-,,,1
XE12B302/C6-73,XE12B302/C6-,,,1
XE23A302/C7-305,XE23A302/C7-,,,1
RE14B302/C5-181,RE14B302/C5-,,,1
RE20A302/C2-425,RE20A302/C2-,,,1
RE20A302/C2-426,RE20A302/C2-,,,1
RE20A302/C2-427,RE20A302/C2-,,,1
RE22C302/C4-187,RE22C302/C4-,,,1
RE14B302/C5-182,RE14B302/C5-,,,1
RE20A302/C2-428,RE20A302/C2-,,,1
RE20A302/C2-429,RE20A302/C2-,,,1
RE20A302/C2-430,RE20A302/C2-,,,1
RE14B302/C5-183,RE14B302/C5-,,,1
RE20A302/C2-431,RE20A302/C2-,,,1
RE20A302/C2-432,RE20A302/C2-,,,1
RE20A302/C2-433,RE20A302/C2-,,,1
XE23A302/C7-306,XE23A302/C7-,,,1
RE20C302/C1-231,RE20C302/C1-,,,1
RE20A302/C2-434,RE20A302/C2-,,,1
RE20A302/C2-435,RE20A302/C2-,,,1
RE20C302/C1-232,RE20C302/C1-,,,1
RE20A302/C2-436,RE20A302/C2-,,,1
RE20A302/C2-437,RE20A302/C2-,,,1
RE20C302/C1-233,RE20C302/C1-,,,1
RE20A302/C2-438,RE20A302/C2-,,,1
RE20C302/C1-234,RE20C302/C1-,,,1
RE20C302/C1-235,RE20C302/C1-,,,1
XE23A302/C7-307,XE23A302/C7-,,,1
XE23A302/C7-308,XE23A302/C7-,,,1
RE20A302/C2-439,RE20A302/C2-,,,1
XE23A302/C7-309,XE23A302/C7-,,,1
RE20A302/C2-440,RE20A302/C2-,,,1
XE23A302/C7-310,XE23A302/C7-,,,1
XE23A302/C7-311,XE23A302/C7-,,,1
RE20A302/C2-441,RE20A302/C2-,,,1
RE20A302/C2-442,RE20A302/C2-,,,1
RE20C302/C1-236,RE20C302/C1-,,,1
XE23A302/C7-312,XE23A302/C7-,,,1
RE20A302/C2-443,RE20A302/C2-,,,1
RE20C302/C1-237,RE20C302/C1-,,,1
RE20A302/C2-444,RE20A302/C2-,,,1
XE23A302/C7-313,XE23A302/C7-,,,1
RE20A302/C2-445,RE20A302/C2-,,,1
RE20C302/C1-238,RE20C302/C1-,,,1
RE22C302/C4-188,RE22C302/C4-,,,1
RE20A302/C2-446,RE20A302/C2-,,,1
RE20A302/C2-447,RE20A302/C2-,,,1
RE20A302/C2-448,RE20A302/C2-,,,1
RE20A302/C2-449,RE20A302/C2-,,,1
RE20A302/C2-450,RE20A302/C2-,,,1
RE20C302/C1-239,RE20C302/C1-,,,1
RE22C302/C4-189,RE22C302/C4-,,,1
RE20C302/C1-240,RE20C302/C1-,,,1
RE20A302/C2-451,RE20A302/C2-,,,1
XE23A302/C7-314,XE23A302/C7-,,,1
XE23A302/C7-315,XE23A302/C7-,,,1
RE20A302/C2-452,RE20A302/C2-,,,1
RE20C302/C1-241,RE20C302/C1-,,,1
RE22C302/C4-190,RE22C302/C4-,,,1
RE22C302/C4-191,RE22C302/C4-,,,1
XE23A302/C7-316,XE23A302/C7-,,,1
CE20A1196/C2-101,CE20A1196/C2-,,,1
CE20A1196/C2-102,CE20A1196/C2-,,,1
ZE16B130/C7-51,ZE16B130/C7-,,,1
CE20A1196/C2-103,CE20A1196/C2-,,,1
ZE16B130/C7-52,ZE16B130/C7-,,,1
ZE16B130/C7-53,ZE16B130/C7-,,,1
ZE16B130/C7-54,ZE16B130/C7-,,,1
ZE16B130/C7-55,ZE16B130/C7-,,,1
CE20A1196/C2-104,CE20A1196/C2-,,,1
CE20C406/C1-101,CE20C406/C1-,,,1
CE20C406/C1-102,CE20C406/C1-,,,1
CE20A1196/C2-105,CE20A1196/C2-,,,1
CE20A1196/C2-106,CE20A1196/C2-,,,1
CE20A1196/C2-107,CE20A1196/C2-,,,1
CE20A1196/C2-108,CE20A1196/C2-,,,1
CE20A1196/C2-109,CE20A1196/C2-,,,1
CE20C406/C1-103,CE20C406/C1-,,,1
CE20C406/C1-104,CE20C406/C1-,,,1
ZE16B130/C7-56,ZE16B130/C7-,,,1
ZE16B130/C7-57,ZE16B130/C7-,,,1
CE20A1196/C2-110,CE20A1196/C2-,,,1
CE20A1196/C2-111,CE20A1196/C2-,,,1
ZE16B130/C7-58,ZE16B130/C7-,,,1
ZE16B130/C7-59,ZE16B130/C7-,,,1
CE22A547/C4-51,CE22A547/C4-,,,1
CE20C406/C1-105,CE20C406/C1-,,,1
CE20C406/C1-106,CE20C406/C1-,,,1
CE20A1196/C2-112,CE20A1196/C2-,,,1
CE20A1196/C2-113,CE20A1196/C2-,,,1
CE20A1196/C2-114,CE20A1196/C2-,,,1
CE20C406/C1-107,CE20C406/C1-,,,1
CE20C406/C1-108,CE20C406/C1-,,,1
CE20C406/C1-109,CE20C406/C1-,,,1
ZE16B130/C7-60,ZE16B130/C7-,,,1
ZE16B130/C7-61,ZE16B130/C7-,,,1
CE20A1196/C2-115,CE20A1196/C2-,,,1
CE20A1196/C2-116,CE20A1196/C2-,,,1
CE22A547/C4-52,CE22A547/C4-,,,1
CE22A547/C4-53,CE22A547/C4-,,,1
CE20C406/C1-110,CE20C406/C1-,,,1
ZE16B130/C7-62,ZE16B130/C7-,,,1
ZE16B130/C7-63,ZE16B130/C7-,,,1
ZE16B130/C7-64,ZE16B130/C7-,,,1
ZE16B130/C7-65,ZE16B130/C7-,,,1
CE20C406/C1-111,CE20C406/C1-,,,1
ZE16B130/C7-66,ZE16B130/C7-,,,1
FE14A121/C5-51,FE14A121/C5-,,,1
CE20C406/C1-112,CE20C406/C1-,,,1
CE20C406/C1-113,CE20C406/C1-,,,1
CE20A1196/C2-117,CE20A1196/C2-,,,1
CE20A1196/C2-118,CE20A1196/C2-,,,1
ZE16B130/C7-67,ZE16B130/C7-,,,1
CE22A547/C4-54,CE22A547/C4-,,,1
CE20A1196/C2-119,CE20A1196/C2-,,,1
CE20A1196/C2-120,CE20A1196/C2-,,,1
CE20C406/C1-114,CE20C406/C1-,,,1
CE20C406/C1-115,CE20C406/C1-,,,1
CE20A1196/C2-121,CE20A1196/C2-,,,1
CE20A1196/C2-122,CE20A1196/C2-,,,1
CE20A1196/C2-123,CE20A1196/C2-,,,1
CE20A1196/C2-124,CE20A1196/C2-,,,1
CE20C406/C1-116,CE20C406/C1-,,,1
CE20C406/C1-117,CE20C406/C1-,,,1
CE20A1196/C2-125,CE20A1196/C2-,,,1
CE20A1196/C2-126,CE20A1196/C2-,,,1
CE22A547/C4-55,CE22A547/C4-,,,1
CE20A1196/C2-127,CE20A1196/C2-,,,1
CE20A1196/C2-128,CE20A1196/C2-,,,1
ZE16B130/C7-68,ZE16B130/C7-,,,1
CE20A1196/C2-129,CE20A1196/C2-,,,1
CE20A1196/C2-130,CE20A1196/C2-,,,1
CE20A1196/C2-131,CE20A1196/C2-,,,1
CE20A1196/C2-132,CE20A1196/C2-,,,1
CE20C406/C1-118,CE20C406/C1-,,,1
CE20C406/C1-119,CE20C406/C1-,,,1
CE20C406/C1-120,CE20C406/C1-,,,1
CE20C406/C1-121,CE20C406/C1-,,,1
CE20C406/C1-122,CE20C406/C1-,,,1
CE20C406/C1-123,CE20C406/C1-,,,1
CE20A1196/C2-133,CE20A1196/C2-,,,1
CE20C406/C1-124,CE20C406/C1-,,,1
CE20C406/C1-125,CE20C406/C1-,,,1
CE22A547/C4-56,CE22A547/C4-,,,1
CE22A547/C4-57,CE22A547/C4-,,,1
CE22A547/C4-58,CE22A547/C4-,,,1
FE14A121/C5-52,FE14A121/C5-,,,1
FE14A121/C5-53,FE14A121/C5-,,,1
FE14A121/C5-54,FE14A121/C5-,,,1
CE20C406/C1-126,CE20C406/C1-,,,1
CE22A547/C4-59,CE22A547/C4-,,,1
CE20C406/C1-127,CE20C406/C1-,,,1
CE22A547/C4-60,CE22A547/C4-,,,1
CE20C406/C1-128,CE20C406/C1-,,,1
CE20A1196/C2-134,CE20A1196/C2-,,,1
CE22A547/C4-61,CE22A547/C4-,,,1
CE20A1196/C2-135,CE20A1196/C2-,,,1
CE22A547/C4-62,CE22A547/C4-,,,1
CE22A547/C4-63,CE22A547/C4-,,,1
CE22A547/C4-64,CE22A547/C4-,,,1
CE20A1196/C2-136,CE20A1196/C2-,,,1
CE20A1196/C2-137,CE20A1196/C2-,,,1
CE20A1196/C2-138,CE20A1196/C2-,,,1
ZE16B130/C7-69,ZE16B130/C7-,,,1
ZE16B130/C7-70,ZE16B130/C7-,,,1
CE20A1196/C2-139,CE20A1196/C2-,,,1
ZE16B130/C7-71,ZE16B130/C7-,,,1
CE20C406/C1-129,CE20C406/C1-,,,1
ZE16A117/C6-21,ZE16A117/C6-,,,1
CE20C406/C1-130,CE20C406/C1-,,,1
CE20C406/C1-131,CE20C406/C1-,,,1
CE20C406/C1-132,CE20C406/C1-,,,1
CE20A1196/C2-140,CE20A1196/C2-,,,1
CE20A1196/C2-141,CE20A1196/C2-,,,1
CE20A1196/C2-142,CE20A1196/C2-,,,1
CE20A1196/C2-143,CE20A1196/C2-,,,1
CE22A547/C4-65,CE22A547/C4-,,,1
CE20C406/C1-133,CE20C406/C1-,,,1
CE22A547/C4-66,CE22A547/C4-,,,1
CE20A1196/C2-144,CE20A1196/C2-,,,1
FE14A121/C5-55,FE14A121/C5-,,,1
CE20A1196/C2-145,CE20A1196/C2-,,,1
CE22A547/C4-67,CE22A547/C4-,,,1
CE20A1196/C2-146,CE20A1196/C2-,,,1
CE22A547/C4-68,CE22A547/C4-,,,1
ZE16B130/C7-72,ZE16B130/C7-,,,1
CE20A1196/C2-147,CE20A1196/C2-,,,1
CE20C406/C1-134,CE20C406/C1-,,,1
CE20A1196/C2-148,CE20A1196/C2-,,,1
CE20A1196/C2-149,CE20A1196/C2-,,,1
CE20A1196/C2-150,CE20A1196/C2-,,,1
CE22A547/C4-69,CE22A547/C4-,,,1
CE22A547/C4-70,CE22A547/C4-,,,1
CE20A1196/C2-151,CE20A1196/C2-,,,1
ZE16B130/C7-73,ZE16B130/C7-,,,1
CE20A1196/C2-152,CE20A1196/C2-,,,1
ZE16A117/C6-22,ZE16A117/C6-,,,1
CE22A547/C4-71,CE22A547/C4-,,,1
CE22A547/C4-72,CE22A547/C4-,,,1
CE22A547/C4-73,CE22A547/C4-,,,1
CE20A1196/C2-153,CE20A1196/C2-,,,1
CE20A1196/C2-154,CE20A1196/C2-,,,1
ZE16B130/C7-74,ZE16B130/C7-,,,1
ZE16B130/C7-75,ZE16B130/C7-,,,1
ZE16B130/C7-76,ZE16B130/C7-,,,1
ZE16B130/C7-77,ZE16B130/C7-,,,1
CE20A1196/C2-155,CE20A1196/C2-,,,1
CE22A547/C4-74,CE22A547/C4-,,,1
CE20A1196/C2-156,CE20A1196/C2-,,,1
CE22A547/C4-75,CE22A547/C4-,,,1
CE22A547/C4-76,CE22A547/C4-,,,1
FE14A121/C5-56,FE14A121/C5-,,,1
ZE16B130/C7-78,ZE16B130/C7-,,,1
ZE16B130/C7-79,ZE16B130/C7-,,,1
CE22A547/C4-77,CE22A547/C4-,,,1
CE20A1196/C2-157,CE20A1196/C2-,,,1
CE22A547/C4-78,CE22A547/C4-,,,1
CE22A547/C4-79,CE22A547/C4-,,,1
CE22A547/C4-80,CE22A547/C4-,,,1
CE22A547/C4-81,CE22A547/C4-,,,1
CE22A547/C4-82,CE22A547/C4-,,,1
CE22A547/C4-83,CE22A547/C4-,,,1
CE20A1196/C2-158,CE20A1196/C2-,,,1
CE20C406/C1-135,CE20C406/C1-,,,1
CE22A547/C4-84,CE22A547/C4-,,,1
CE20A1196/C2-159,CE20A1196/C2-,,,1
CE20C406/C1-136,CE20C406/C1-,,,1
CE20C406/C1-137,CE20C406/C1-,,,1
CE22A547/C4-85,CE22A547/C4-,,,1
CE22A547/C4-86,CE22A547/C4-,,,1
CE22A547/C4-87,CE22A547/C4-,,,1
CE20C406/C1-138,CE20C406/C1-,,,1
CE22A547/C4-88,CE22A547/C4-,,,1
CE20A1196/C2-160,CE20A1196/C2-,,,1
CE22A547/C4-89,CE22A547/C4-,,,1
CE22A547/C4-90,CE22A547/C4-,,,1
CE22A547/C4-91,CE22A547/C4-,,,1
ZE16A117/C6-23,ZE16A117/C6-,,,1
CE20A1196/C2-161,CE20A1196/C2-,,,1
CE20C406/C1-139,CE20C406/C1-,,,1
CE20A1196/C2-162,CE20A1196/C2-,,,1
CE20A1196/C2-163,CE20A1196/C2-,,,1
CE20A1196/C2-164,CE20A1196/C2-,,,1
FE14A121/C5-57,FE14A121/C5-,,,1
CE20A1196/C2-165,CE20A1196/C2-,,,1
